"ITEM CODE";"PARTICULARS";"UOM";"CASE SIZE";"SALE UOM BREAKUP";"SALE UOM (ml/no)";"COST PRICE BTL";"COST PRICE SML/GLS";"COST PRICE ML";"Big Bang Bandra";"BKC";"Lower Parel";"Juhu";"Colaba";"Andheri";"Malad";"Dadar";"THANE";"Chembur";"TOTAL STOCK";"TOTAL CASES";"TOTAL AMOUNT"
"WHISKY : DOMESTIC";"100 PIPERS DELUX";750;12;25;30;1332.16;53.2864;1.7762133333333334;0.0;0.0;0.0;0.32;0.0;0.0;0;0.08;0.04;0.0;0.44;0.03666666666666667;586.1504
"WHISKY : DOMESTIC";"100 PIPERS 12 yrs";750;12;25;30;1895.0;75.8;2.526666666666667;0.0;0.0;0.0;0.0;0.0;0.0;0;0.08;0.32;0.0;0.4;0.03333333333333333;758.0
"WHISKY : DOMESTIC";"ANTIQUITY BLUE (SM)           ";750;12;25;30;865.88;34.6352;1.1545066666666666;0.0;0.0;0.0;0.0;0.0;0.0;0;0.0;0.0;0.6;0.6;0.049999999999999996;519.528
"WHISKY : DOMESTIC";"BLACK & WHITE (SM)            ";750;12;25;30;1630.44;65.2176;2.17392;0.0;14.84;0.12;0.0;0.0;0.0;7;0.0;3.32;0.04;25.32;2.11;41282.7408
"WHISKY : DOMESTIC";"BLACK DOG 12 YRS (SM)";750;12;25;30;1923.26;76.9304;2.5643466666666668;31.12;243.84;620.8;87.04;25.36;38.8;104;12.72;13.52;221.2;1398.4;116.53333333333335;2689486.784
"WHISKY : DOMESTIC";"BLACK DOG CENTENARY (SM)      ";750;12;25;30;1495.87;59.834799999999994;1.9944933333333332;106.4;230.76;412.44;35.12;27.0;25.24;72;34.2;6.16;158.76;1108.08;92.33999999999999;1657543.6295999999
"WHISKY : DOMESTIC";"BLENDERS PRIDE (SM)           ";750;12;25;30;814.0;32.56;1.0853333333333333;54.12;57.52;54.24;28.32;56.6;35.44;126;32.8;6.72;52.84;505.0400000000001;42.08666666666667;411102.56000000006
"WHISKY : DOMESTIC";"BLENDER'S PRIDE RESERVE";750;12;25;30;1071.6058333333333;42.86423333333333;1.4288077777777777;0.0;0.0;0.0;0.0;0.0;0.0;0;0.0;0.0;0.0;0.0;0.0;0.0
"WHISKY : DOMESTIC";"ROYAL CHALLENGE (SM)          ";750;12;25;30;518.05;20.721999999999998;0.6907333333333333;0.0;0.0;2.04;0.0;0.0;0.0;18;0.0;0.84;0.0;21.32;1.7766666666666666;11044.826
"WHISKY : DOMESTIC";"SIGNATURE (SM)                ";750;12;25;30;779.29;31.171599999999998;1.0390533333333334;0.0;0.0;0.2;0.04;0.0;0.0;0;0.0;0.04;0.0;0.28;0.023333333333333334;218.2012
"WHISKY : DOMESTIC";"SIGNATURE PREMEUM (SM)                ";750;12;25;30;651.91;26.0764;0.8692133333333333;0.0;0.0;0.0;0.0;0.0;0.0;0;0.0;0.0;0.0;0.0;0.0;0.0
"WHISKY : DOMESTIC";"TEACHERS 50 (SM)";750;12;25;30;1807.63;72.3052;2.4101733333333333;0.0;0.0;0.0;0.0;0.0;0.0;0;0.0;6.0;54.36;60.36;5.03;109108.54680000001
"WHISKY : DOMESTIC";"TEACHERS 50 (SM) 1000";1000;12;33;30;1807.63;54.77666666666667;1.80763;6.75;9.03;5.44;1.99;4.75;7.69;5;7.87;0.0;0.0;48.419999999999995;4.034999999999999;87525.4446
"WHISKY : DOMESTIC";"TEACHERS HIGHLAND (SM)        ";1000;9;33;30;1750.0;53.03030303030303;1.75;95.3;58.3;347.42;46.56;61.0;63.71;81;64.45;0.0;0.0;817.6700000000001;90.85222222222222;1430922.5000000002
"WHISKY : DOMESTIC";"TEACHERS HIGHLAND (SM).      ";750;12;25;30;1287.0;51.48;1.716;12.0;12.0;36.0;0.0;0.0;0.0;0;0.0;104.84;47.96;212.8;17.733333333333334;273873.60000000003
"WHISKY : DOMESTIC";"TEACHERS ORIGIN (SM)          ";1000;12;33;30;2004.0;60.72727272727273;2.004;0.0;0.0;0.0;0.0;0.0;0.0;0;0.0;0.0;0.0;0.0;0.0;0.0
"WHISKY : DOMESTIC";"TEACHERS ORIGIN (SM) .         ";750;12;25;30;1957.76;78.3104;2.6103466666666666;0.0;0.08;0.0;0.0;0.0;0.0;0;0.0;9.84;0.0;9.92;0.8266666666666667;19420.9792
"WHISKY : DOMESTIC";"VAT 69 (SM)";750;12;25;30;1417.77;56.7108;1.89036;139.68;153.2;193.24;67.08;24.32;18.48;288;27.52;1.2;160.36;1073.04;89.42;1521323.9208
"WHISKY : DOMESTIC";"VAT 69 BLACK";750;12;25;30;1850.88;74.0352;2.4678400000000003;0.0;0.0;0.0;0.0;0.0;0.0;0;0.0;0.0;0.0;0.0;0.0;0.0
"WHISKY : DOMESTIC";"BLACK & WHITE 12 YRS (SM)";750;12;25;30;2500.0;100.0;3.3333333333333335;0.0;0.0;0.0;0.0;0.0;0.0;0;0.0;0.0;0.0;0.0;0.0;0.0
"WHISKY : DOMESTIC";"CUTTY SARK";750;12;25;30;2400.0;96.0;3.2;0.0;0.0;0.0;0.0;0.0;0.0;0;0.0;0.0;0.0;0.0;0.0;0.0
"WHISKY : DOMESTIC";"TEACHERS GOLDEN";750;12;25;30;2282.0;91.28;3.042666666666667;0.0;0.08;0.0;0.0;0.0;0.0;0;0.0;0.0;0.0;0.08;0.006666666666666667;182.56
"WHISKY : DOMESTIC";"SCOTTISH WISKY";750;12;25;30;2500.0;100.0;3.3333333333333335;0.0;0.0;0.0;0.0;0.0;0.0;0;0.0;0.0;0.0;0.0;0.0;0.0
"WHISKY : DOMESTIC";"ROCK DOVE";750;12;25;30;264.0;10.56;0.352;40.88;39.4;25.12;13.88;32.72;29.68;43;8.52;13.96;48.96;296.6;24.71666666666667;78302.40000000001
"WHISKY : DOMESTIC";"ANTIQUITY BLUE (SM) 1000";1000;12;33;30;1495.0;45.303030303030305;1.495;0.0;0.0;0.0;0.0;0.0;0.0;0;0.0;0.0;0.0;0.0;0.0;0.0
"WHISKY : DOMESTIC";"KELVIN BRIDGE";700;12;23;30;2200.0;95.65217391304348;3.142857142857143;0.0;0.0;0.0;0.0;0.0;0.0;0;0.0;0.0;0.0;0.0;0.0;0.0
"WHISKY : DOMESTIC";"ROCK DOVE 375";375;24;12;30;132.0;11.0;0.352;0.0;0.0;21.88;0.0;0.0;0.0;0;0.0;0.0;0.0;21.88;0.9116666666666666;2888.16
"WHISKY : IMPORTED";"";0;0;0;0;0.0;0.0;0.0;0.0;0.0;0.0;0.0;0.0;0.0;0;0.0;0.0;0.0;4515.336666666667;376.27805555555557;10013351.73042857
"WHISKY : IMPORTED";"AKASHI WHITE OAK";500;12;16;30;2500.0;156.25;5.0;3.18;0.0;7.14;8.38;0.0;1.24;0;0.0;0.0;0.66;20.6;1.7166666666666668;51500.0
"WHISKY : IMPORTED";"AKASHI WHITE OAK 700";700;12;23;30;3500.0;152.17391304347825;5.0;0.0;0.0;0.0;0.0;0.0;0.0;0;0.0;0.0;0.0;0.0;0.0;0.0
"WHISKY : IMPORTED";"ARDMORE";700;12;23;30;2796.47;121.58565217391303;3.9949571428571424;81.3;24.32857142857143;26.9;8.385714285714286;17.12857142857143;27.385714285714286;10;7.085714285714285;5.257142857142857;5.942857142857143;213.44285714285718;17.786904761904765;596886.5467142857
"WHISKY : IMPORTED";"BALLANTINES (SM)              ";750;12;25;30;1649.76;65.9904;2.19968;44.76;25.88;23.76;7.24;14.76;28.8;45;24.84;7.36;63.52;286.00000000000006;23.83333333333334;471831.3600000001
"WHISKY : IMPORTED";"BOWMORE (SM)                  ";700;12;23;30;3850.67;167.4204347826087;5.500957142857143;0.0;0.0;0.0;0.2571428571428571;0.04285714285714286;0.0;0;0.0;0.0;0.0;0.5714285714285714;0.047619047619047616;2200.382857142857
"WHISKY : IMPORTED";"BUNNAHABHAIN (SM)             ";700;12;23;30;3300.0;143.47826086956522;4.714285714285714;0.0;0.0;0.0;0.0;0.0;0.0;0;0.0;0.0;0.0;0.0;0.0;0.0
"WHISKY : IMPORTED";"CANANDIAN CLUB";750;12;25;30;1892.79;75.7116;2.52372;0.0;0.0;0.0;0.0;0.0;0.0;0;0.0;0.0;0.0;0.0;0.0;0.0
"WHISKY : IMPORTED";"CARDHU (SM)                   ";1000;12;33;30;4500.0;136.36363636363637;4.5;0.0;0.0;0.0;0.0;0.96;0.0;0;0.0;0.0;0.0;0.96;0.08;4320.0
"WHISKY : IMPORTED";"CHIVAS REGAL 12 YRS";750;12;25;30;3240.64;129.6256;4.320853333333333;16.24;37.28;56.68;8.48;23.96;44.68;76;6.6;16.56;13.2;299.48;24.956666666666667;970506.8672
"WHISKY : IMPORTED";"CHIVAS REGAL 18 yrs 1 ltr";1000;12;33;30;0.0;0.0;0.0;0.0;0.0;0.0;0.0;0.0;0.0;0;0.0;0.0;0.0;0.0;0.0;0.0
"WHISKY : IMPORTED";"DEWAR S WHITE LABEL (SM)      ";750;12;25;30;1051.83;42.0732;1.40244;64.48;57.8;66.12;93.48;46.12;51.8;56;43.0;28.08;75.44;582.3199999999999;48.526666666666664;612501.6455999999
"WHISKY : IMPORTED";"GLENFIDDICH 12 YRS (SM)";700;12;23;30;6162.94;267.9539130434782;8.8042;28.642857142857142;16.728571428571428;29.857142857142858;19.814285714285713;11.214285714285714;17.9;18;9.728571428571428;17.857142857142858;29.12857142857143;198.64285714285714;16.553571428571427;1224224.01
"WHISKY : IMPORTED";"GLENFIDDICH 12 YRS 1 Ltr.";1000;12;33;30;4400.0;133.33333333333334;4.4;0.0;0.0;0.0;0.0;0.0;0.0;0;0.0;0.0;0.0;0.0;0.0;0.0
"WHISKY : IMPORTED";"GLENFIDDICH 18 YRS (SM)";700;12;23;30;11703.5;508.8478260869565;16.719285714285714;10.342857142857143;0.4714285714285714;0.7714285714285715;2.557142857142857;0.2571428571428571;1.1714285714285715;1;0.8571428571428571;2.0;0.6857142857142857;20.58571428571429;1.7154761904761908;240924.90714285718
"WHISKY : IMPORTED";"GLENFIDDICH 18 YRS 1 Ltr";1000;12;33;30;6300.0;190.9090909090909;6.3;0.0;0.0;0.0;0.0;0.0;0.0;0;0.0;0.0;0.0;0.0;0.0;0.0
"WHISKY : IMPORTED";"GLENLEVIT 15";750;12;25;30;4300.0;172.0;5.733333333333333;0.0;0.0;0.0;0.0;0.0;0.0;0;0.0;0.0;0.0;0.0;0.0;0.0
"WHISKY : IMPORTED";"GLENLIVET 12 YO (SM)";750;12;25;30;4242.29;169.6916;5.656386666666666;0.0;0.08;0.0;0.0;0.0;0.0;0;0.0;0.0;21.12;21.68;1.8066666666666666;91972.8472
"WHISKY : IMPORTED";"GLENMORANGIE (SM)             ";750;12;25;30;3600.0;144.0;4.8;0.0;0.0;0.0;0.0;0.0;0.0;0;0.0;0.0;0.0;0.0;0.0;0.0
"WHISKY : IMPORTED";"GRANTS (SM)                   ";750;12;25;30;1000.0;40.0;1.3333333333333333;117.6;68.8;113.72;122.6;28.36;82.44;50;28.72;73.32;88.32;773.8;64.48333333333333;773800.0
"WHISKY : IMPORTED";"J W BLACK LABEL (SM)          ";750;12;25;30;3949.52;157.9808;5.266026666666667;0.0;0.0;0.0;0.0;0.0;0.0;0;0.0;1.0;6.84;7.84;0.6533333333333333;30964.2368
"WHISKY : IMPORTED";"J W BLACK LABEL 1LTR.";1000;12;33;30;3797.61;115.07909090909091;3.79761;0.0;0.0;0.0;0.0;0.0;0.0;0;0.0;0.0;0.0;0.0;0.0;0.0
"WHISKY : IMPORTED";"J W BLUE LABEL (SM)           ";750;12;25;30;19277.56;771.1024000000001;25.703413333333334;1.04;0.0;0.84;0.0;0.0;0.76;1;0.12;0.0;0.0;3.36;0.27999999999999997;64772.6016
"WHISKY : IMPORTED";"J W BLUE LABEL 1LTR.";1000;12;33;30;25000.0;757.5757575757576;25.0;7.9;0.72;1.0;0.6;0.0;0.0;0;0.0;0.0;0.0;10.22;0.8516666666666667;255500.00000000003
"WHISKY : IMPORTED";"J W DOUBLE BLACK (SM)         ";750;12;25;30;3677.2;147.088;4.902933333333333;0.64;0.0;0.0;0.0;0.0;0.0;0;0.0;1.88;0.04;2.56;0.21333333333333335;9413.632
"WHISKY : IMPORTED";"J W DOUBLE BLACK (SM) 1000";1000;12;33;30;3950.0;119.6969696969697;3.95;0.0;0.0;0.0;0.0;0.0;0.0;0;0.0;0.0;0.0;0.0;0.0;0.0
"WHISKY : IMPORTED";"J W GOLD LABEL (SM)           ";1000;12;33;30;6100.0;184.84848484848484;6.1;0.18;0.0;0.0;0.0;0.0;0.0;0;0.0;0.0;0.0;0.48;0.04;2928.0
"WHISKY : IMPORTED";"J W GOLD LABEL (SM) .          ";750;12;25;30;5060.0;202.4;6.746666666666667;0.0;0.0;0.84;0.0;0.0;0.0;0;0.0;0.32;0.16;1.3199999999999998;0.10999999999999999;6679.199999999999
"WHISKY : IMPORTED";"J W RED LABEL (SM)            ";750;12;25;30;1933.33;77.33319999999999;2.577773333333333;0.0;0.36;3.28;0.04;0.0;1.0;0;0.0;0.0;0.0;4.68;0.38999999999999996;9047.9844
"WHISKY : IMPORTED";"JACK DANIEL 1 Ltr.";1000;12;33;30;3800.0;115.15151515151516;3.8;0.0;0.0;0.0;0.0;0.0;0.0;0;0.0;0.0;0.0;0.0;0.0;0.0
"WHISKY : IMPORTED";"JACK DANIELS (SM)             ";750;12;25;30;4250.0;170.0;5.666666666666667;50.4;30.08;46.28;42.4;10.12;33.76;32;27.84;17.36;43.8;333.88;27.823333333333334;1418990.0
"WHISKY : IMPORTED";"JAMESON (SM)                  ";750;12;25;30;2062.24;82.4896;2.749653333333333;47.08;24.16;10.88;18.2;10.64;15.0;37;20.2;0.0;9.64;192.47999999999996;16.039999999999996;396939.95519999985
"WHISKY : IMPORTED";"JAMESON (SM) CASKMATES";750;12;25;30;3866.6;154.664;5.155466666666666;0.0;0.0;0.0;0.0;0.0;0.0;0;0.0;0.0;0.0;0.0;0.0;0.0
"WHISKY : IMPORTED";"JIM BEAM BLACK (SM)           ";750;12;25;30;3116.0;124.64;4.1546666666666665;0.0;0.0;0.0;0.0;0.0;0.0;0;0.0;0.0;0.0;0.0;0.0;0.0
"WHISKY : IMPORTED";"JIM BEAM WHITE (SM)           ";750;12;25;30;1443.49;57.7396;1.9246533333333333;37.52;35.52;31.44;12.76;26.04;31.08;45;27.56;48.08;32.88;327.72;27.310000000000002;473060.54280000005
"WHISKY : IMPORTED";"JIM BEAM WHITE (SM) 1000";1000;12;33;30;0.0;0.0;0.0;0.0;0.0;0.0;0.0;0.0;0.0;0;0.0;0.0;0.0;0.0;0.0;0.0
"WHISKY : IMPORTED";"LAPHROAIGE 10 YRS";750;12;25;30;5279.99;211.1996;7.039986666666667;0.88;0.0;10.28;0.28;3.0;6.6;8;1.92;3.44;0.36;34.44;2.8699999999999997;181842.85559999998
"WHISKY : IMPORTED";"LAPHROAIGE 10 YRS 1000";1000;12;33;30;5586.0;169.27272727272728;5.586;11.0;0.0;0.0;7.78;0.39;0.0;0;0.0;1.0;0.0;20.17;1.6808333333333334;112669.62000000001
"WHISKY : IMPORTED";"MAKERS MARK";750;12;25;30;5817.79;232.7116;7.757053333333333;0.0;0.0;0.0;0.0;0.0;0.0;0;0.0;0.0;0.0;0.0;0.0;0.0
"WHISKY : IMPORTED";"MONKEY SHOULDER";700;12;23;30;3500.0;152.17391304347825;5.0;0.6857142857142857;0.08571428571428572;0.8571428571428571;0.04285714285714286;3.7285714285714286;0.8142857142857143;4;3.6857142857142855;0.0;6.642857142857143;20.62857142857143;1.7190476190476192;72200.0
"WHISKY : IMPORTED";"OBAN (SM)                     ";750;12;25;30;6274.86;250.99439999999998;8.36648;1.0;0.0;3.1066666666666665;0.0;1.0;1.0;1;0.0;0.0;2.12;8.986666666666666;0.7488888888888888;56390.07519999999
"WHISKY : IMPORTED";"PAUL JOHN EDITED";750;12;25;30;2397.67;95.9068;3.1968933333333336;46.04;10.2;10.48;7.76;1.96;12.52;25;16.0;16.6;7.6;154.51999999999998;12.876666666666665;370487.96839999995
"WHISKY : IMPORTED";"PAUL JOHN BOLDED";750;12;25;30;2619.1;104.764;3.4921333333333333;17.76;9.48;14.92;23.32;13.48;29.28;24;17.0;18.32;11.16;178.72;14.893333333333333;468085.55199999997
"WHISKY : IMPORTED";"PAUL JOHN BRILLIANCE";750;12;25;30;2271.52;90.8608;3.0286933333333335;5.4;6.92;7.04;17.28;10.84;23.72;24;14.04;16.0;11.6;136.35999999999999;11.363333333333332;309744.46719999996
"WHISKY : IMPORTED";"SINGLETON 12 YRS (SM)";700;12;23;30;3913.42;170.14869565217393;5.5906;0.08571428571428572;0.0;0.0;0.0;0.0;0.0;1;0.0;0.0;0.21428571428571427;0.9857142857142858;0.08214285714285714;3857.514
"WHISKY : IMPORTED";"TALISKER 10 YRS (SM)";750;12;25;30;4251.1;170.044;5.6681333333333335;1.0;0.0;0.0;0.04;0.0;0.44;1;0.0;1.76;1.96;5.88;0.49;24996.468
"WHISKY : IMPORTED";"WHITE OAK.";500;12;16;30;3000.0;187.5;6.0;0.0;0.0;0.0;0.0;0.0;0.0;0;0.0;0.0;0.0;0.0;0.0;0.0
"WHISKY : IMPORTED";"YAMAZAKI";700;12;23;30;17000.0;739.1304347826087;24.285714285714285;1.042857142857143;0.0;1.8571428571428572;0.9428571428571428;0.0;0.0;0;0.0;0.0;0.0;3.8428571428571434;0.32023809523809527;65328.571428571435
"WHISKY : IMPORTED";"YAMAZAKURA";700;12;23;30;3200.0;139.1304347826087;4.571428571428571;4.3;0.0;2.2142857142857144;0.9857142857142858;2.557142857142857;0.0;1;0.0;0.0;0.0;11.057142857142857;0.9214285714285714;35382.857142857145
"WHISKY : IMPORTED";"KING HENRY";750;12;25;30;1500.0;60.0;2.0;0.0;0.0;0.0;0.0;0.0;0.0;0;0.0;0.0;0.0;0.0;0.0;0.0
"WHISKY : IMPORTED";"YAMAZAKI 750";750;12;25;30;17000.0;680.0;22.666666666666668;1.32;0.0;0.0;0.0;0.0;0.0;0;0.0;0.0;0.0;1.32;0.11;22440.0
"WHISKY : IMPORTED";"GLENFIDDICH 15 YRS (SM)";700;12;23;30;5600.0;243.47826086956522;8.0;0.0;0.0;0.0;0.0;0.0;0.0;0;0.0;0.0;0.0;0.0;0.0;0.0
"WHISKY : IMPORTED";"GLENFIDDICH 21 YRS (SM)";700;12;23;30;0.0;0.0;0.0;0.0;0.0;0.0;0.0;0.0;0.0;0;0.0;0.0;0.0;0.0;0.0;0.0
"WHISKY : IMPORTED";"WILLIAM LAWSONS (SM)";750;12;25;30;851.855;34.0742;1.1358066666666666;98.4;57.12;140.68;43.08;44.8;45.8;83;25.28;31.24;60.6;629.7600000000001;52.48000000000001;536464.2048000001
"WHISKY : IMPORTED";"JACK DANIEL HONEY";750;12;25;30;0.0;0.0;0.0;0.0;0.0;0.0;0.0;0.0;0.0;0;0.0;0.0;0.0;0.0;0.0;0.0
"WHISKY : IMPORTED";"LAGAVULIN 16 YEARS";750;12;25;30;14460.0;578.4;19.28;1.2;0.0;0.76;0.24;0.0;0.0;0;0.0;0.0;0.0;2.2;0.18333333333333335;31812.000000000004
"WHISKY : IMPORTED";"MACALLAN 12 YEARS";750;12;25;30;9300.0;372.0;12.4;0.0;0.0;0.0;0.0;0.0;0.0;0;0.0;0.0;0.0;0.0;0.0;0.0
"WHISKY : IMPORTED";"COAL ILA (SM)";750;12;25;30;9300.0;372.0;12.4;0.0;0.0;0.0;0.2;0.0;0.0;0;0.0;0.0;0.24;0.44;0.03666666666666667;4092.0
"WHISKY : IMPORTED";"GLENKINCHIE 12 YRS (SM)";750;12;25;30;2500.0;100.0;3.3333333333333335;2.96;0.0;0.0;0.04;0.04;0.0;0;0.0;0.0;0.04;3.08;0.25666666666666665;7700.0
"WHISKY : IMPORTED";"COURVOISIER 700ML";700;12;23;30;4500.0;195.65217391304347;6.428571428571429;0.0;0.0;0.0;0.04285714285714286;0.0;0.0;0;0.0;0.0;0.0;0.04285714285714286;0.0035714285714285713;192.85714285714286
"WHISKY : IMPORTED";"DALWHINNIE 15 YRS";750;12;25;30;4000.0;160.0;5.333333333333333;0.0;0.0;0.0;0.0;0.0;0.0;0;0.0;0.0;0.0;0.0;0.0;0.0
"WHISKY : IMPORTED";"SOUTHERN COMFORT";750;12;25;30;2500.0;100.0;3.3333333333333335;0.0;0.0;0.0;0.28;0.0;0.0;0;0.0;0.0;0.0;0.28;0.023333333333333334;700.0000000000001
"WHISKY : IMPORTED";"BALLANTINES 12 YO";750;12;25;30;2500.0;100.0;3.3333333333333335;0.0;0.0;0.0;0.0;0.0;0.0;0;0.0;0.0;0.0;0.0;0.0;0.0
"WHISKY : IMPORTED";"RYOMA LIQUER";700;12;23;30;4500.0;195.65217391304347;6.428571428571429;0.0;0.0;0.0;0.0;0.0;0.0;0;0.0;0.0;0.0;0.0;0.0;0.0
"WHISKY : IMPORTED";"GLENLIVET 1824";750;12;25;30;4500.0;180.0;6.0;0.0;0.0;0.0;0.0;0.0;0.0;0;0.0;0.0;0.0;0.0;0.0;0.0
"WHISKY : IMPORTED";"AKASHI RED OAK";500;12;16;30;0.0;0.0;0.0;0.0;0.0;0.0;0.0;0.0;0.0;0;0.0;0.0;0.0;0.0;0.0;0.0
"VODKA : DOMESTIC";"SMIRNOFF BLACK VODKA (SM)     ";750;12;25;30;960.42;38.416799999999995;1.28056;0.0;0.0;0.0;0.0;0.0;0.0;0;0.0;0.0;0.0;0.0;0.0;0.0
"VODKA : DOMESTIC";"SMIRNOFF ESPRESSO";750;12;25;30;822.21;32.888400000000004;1.0962800000000001;0.0;2.92;0.0;0.0;0.04;0.36;0;2.56;0.44;0.0;6.32;0.5266666666666667;5196.367200000001
"VODKA : DOMESTIC";"SMIRNOFF GREEN APPLE";750;12;25;30;822.21;32.888400000000004;1.0962800000000001;0.0;0.0;0.0;0.0;0.0;0.0;0;0.04;0.0;0.0;0.04;0.0033333333333333335;32.888400000000004
"VODKA : DOMESTIC";"SMIRNOFF ORANGE";750;12;25;30;822.21;32.888400000000004;1.0962800000000001;0.0;0.36;0.0;0.0;1.0;0.0;0;0.2;0.0;0.0;1.5599999999999998;0.12999999999999998;1282.6476
"VODKA : DOMESTIC";"SMIRNOFF VANILLA ";750;12;25;30;710.36;28.4144;0.9471466666666667;0.0;0.0;0.0;0.0;0.0;0.0;0;0.0;0.0;0.0;0.0;0.0;0.0
"VODKA : DOMESTIC";"SMIRNOFF VODKA (SM)           ";750;12;25;30;765.04;30.601599999999998;1.0200533333333333;0.0;0.0;0.0;0.0;0.0;0.0;0;0.0;6.64;4.12;10.76;0.8966666666666666;8231.830399999999
"VODKA : DOMESTIC";"SMIRNOFF VODKA RED 1000ML";1000;9;33;30;795.64;24.11030303030303;0.79564;0.0;0.0;0.0;0.0;0.0;0.0;0;0.0;0.0;0.0;0.0;0.0;0.0
"VODKA : DOMESTIC";"ROMANO VODKA";750;12;25;30;584.0;23.36;0.7786666666666666;0.0;0.0;0.0;0.0;0.0;0.0;0;0.0;0.0;0.0;0.0;0.0;0.0
"VODKA : IMPORTED";"ABSOLUT ELYX  (SM)            ";750;12;25;30;2653.06;106.1224;3.5374133333333333;1.16;0.0;0.0;1.96;0.0;0.0;0;0.0;0.0;0.0;3.12;0.26;8277.5472
"VODKA : IMPORTED";"ABSOLUT VODKA (SM)            ";750;12;25;30;1649.0;65.96;2.1986666666666665;50.6;31.16;37.32;8.36;23.08;30.64;0;29.12;10.68;61.96;282.92;23.576666666666668;466535.08
"VODKA : IMPORTED";"ABSOLUT VODKA (SM)   ..         ";50;12;2;30;240.0;120.0;4.8;0.0;0.0;0.0;0.0;0.0;0.0;0;0.0;0.0;0.0;0.0;0.0;0.0
"VODKA : IMPORTED";"ABSOLUT VODKA (SM) .           ";1000;12;33;30;1800.0;54.54545454545455;1.8;0.0;0.0;0.0;0.0;0.0;0.0;0;0.0;0.0;0.0;0.0;0.0;0.0
"VODKA : IMPORTED";"ABSOLUTE CITRON";750;12;25;30;1738.13;69.5252;2.3175066666666666;8.52;12.24;14.32;4.96;4.64;6.88;5;2.08;4.28;12.36;74.96000000000001;6.246666666666667;130290.22480000003
"VODKA : IMPORTED";"ABSOLUTE KURRANT ";750;12;25;30;1738.13;69.5252;2.3175066666666666;0.0;0.0;0.0;0.0;0.0;0.0;0;0.0;0.0;0.0;0.0;0.0;0.0
"VODKA : IMPORTED";"ABSOLUTE MANDRIN";750;12;25;30;1738.13;69.5252;2.3175066666666666;9.24;13.68;9.28;10.24;4.4;5.52;13;3.0;5.04;11.72;84.72;7.06;147254.37360000002
"VODKA : IMPORTED";"ABSOLUTE PEPER";750;12;25;30;1738.13;69.5252;2.3175066666666666;28.32;17.24;38.24;6.68;10.0;12.96;6;1.24;12.32;11.6;144.60000000000002;12.050000000000002;251333.59800000006
"VODKA : IMPORTED";"ABSOLUTE RASPBERRY ";750;12;25;30;1738.13;69.5252;2.3175066666666666;8.04;12.84;14.64;12.04;5.84;3.44;46;11.92;0.0;24.88;139.88;11.656666666666666;243129.6244
"VODKA : IMPORTED";"ABSOLUTE VANILLA";750;12;25;30;1051.5;42.06;1.402;0.0;0.0;0.0;0.0;0.0;0.0;0;0.0;0.0;0.0;0.0;0.0;0.0
"VODKA : IMPORTED";"BELUGA 1000";1000;12;33;30;15500.0;469.6969696969697;15.5;16.0;0.0;1.9;0.24;0.0;0.96;1;0.0;0.0;0.09;20.13;1.6775;312015.0
"VODKA : IMPORTED";"BELVENDER  ";750;12;25;30;0.0;0.0;0.0;0.0;0.0;0.0;0.0;0.0;0.0;0;0.0;0.0;0.0;0.0;0.0;0.0
"VODKA : IMPORTED";"BUTLER TRIPLE SEC VODKA                           ";750;12;25;30;1050.0;42.0;1.4;0.0;0.0;0.0;0.0;0.0;0.0;0;0.0;0.0;0.0;0.0;0.0;0.0
"VODKA : IMPORTED";"CIROC VODKA (SM)              ";750;12;25;30;4125.44;165.0176;5.500586666666666;0.0;0.0;0.0;0.0;0.0;0.0;0;0.0;0.0;2.12;2.56;0.21333333333333335;10561.1264
"VODKA : IMPORTED";"GREY GOOSE VODKA (SM)         ";750;12;25;30;4188.88;167.5552;5.5851733333333335;39.76;63.12;217.84;21.72;6.4;65.8;32;16.04;10.6;1.84;474.80000000000007;39.56666666666667;1988880.2240000004
"VODKA : IMPORTED";"GREY GOOSE VODKA (SM)  ,       ";1000;12;33;30;5139.43;155.74030303030304;5.13943;0.0;0.0;0.0;0.0;0.0;0.0;0;0.0;0.0;0.0;0.0;0.0;0.0
"VODKA : IMPORTED";"KRUTO";750;12;25;30;1102.5;44.1;1.47;0.0;4.76;0.0;0.0;0.0;0.0;0;0.0;8.76;0.0;13.52;1.1266666666666667;14905.8
"VODKA : IMPORTED";"RUSSIAN VODKA";750;12;25;30;2426.83;97.0732;3.2357733333333334;0.0;0.0;0.0;0.0;0.0;0.76;0;0.0;0.0;0.0;0.76;0.06333333333333334;1844.3908
"VODKA : IMPORTED";"TIGRE BLANK VODKA";750;12;25;30;2500.0;100.0;3.3333333333333335;0.0;0.0;0.0;0.0;0.0;0.0;0;0.0;0.0;0.0;0.0;0.0;0.0
"VODKA : IMPORTED";"BELUGA";700;12;23;30;10000.0;434.7826086956522;14.285714285714286;0.0;0.0;0.0;0.0;0.0;0.0;0;0.0;0.0;0.0;0.0;0.0;0.0
"VODKA : IMPORTED";"FASHION PARTY VODKA";750;12;25;30;1000.0;40.0;1.3333333333333333;0.0;0.0;0.0;0.0;0.0;0.0;0;0.0;0.0;0.0;0.0;0.0;0.0
"VODKA : IMPORTED";"FINLANDIA VODKA";750;12;25;30;2496.0;99.84;3.328;0.0;0.0;0.0;0.0;0.0;0.0;0;0.0;0.0;0.0;0.0;0.0;0.0
"VODKA : IMPORTED";"CUATRO GS VODKA";750;12;25;30;1000.0;40.0;1.3333333333333333;1.84;0.0;0.0;3.0;0.0;0.0;0;0.0;0.0;0.0;4.84;0.4033333333333333;4840.0
"VODKA : IMPORTED";"BLACK COW VODKA";700;12;23;30;6230.0;270.8695652173913;8.9;0.0;0.0;0.0;0.0;0.0;0.0;0;0.0;0.0;0.0;0.0;0.0;0.0
"VODKA : IMPORTED";"KETEL ONE VODKA";750;12;25;30;3500.0;140.0;4.666666666666667;0.0;0.0;0.0;0.0;0.0;0.0;0;0.0;0.0;1.6;1.6;0.13333333333333333;5600.0
"VODKA : IMPORTED";"STOLICHNAYA VODKA";750;12;25;30;2395.0;95.8;3.1933333333333334;0.0;0.0;0.0;0.0;0.0;0.0;0;0.0;0.0;3.0;3.0;0.25;7185.0
"VODKA : IMPORTED";"RED BLISS VODKA";750;12;25;30;236.82;9.4728;0.31576;31.726666666666667;26.370666666666665;67.36;17.653333333333332;30.44;3.78;58;26.36;10.064;59.0;330.34133333333335;27.528444444444446;78231.43456000001
"VODKA : IMPORTED";"JAMES BROOKS VODKA";700;12;23;30;714.66;31.07217391304348;1.0209428571428572;11.0;21.642857142857142;10.857142857142858;22.071428571428573;12.085714285714285;8.17142857142857;37;5.514285714285714;46.385714285714286;40.77142857142857;215.84285714285713;17.98690476190476;154254.25628571428
"VODKA : IMPORTED";"RED BLISS VODKA 375";375;0;12;30;0.0;0.0;0.0;0.0;0.0;0.0;0.0;0.0;0.0;0;0.0;0.0;0.0;0.0;0.0;0.0
"VODKA : IMPORTED";"ABSOLUT INDIA VODKA (SM)            ";750;12;25;30;2577.75;103.11;3.437;0.0;0.0;0.0;0.0;0.0;0.0;72;0.0;0.0;0.0;71.92;5.993333333333333;185391.78
"VODKA : IMPORTED";"BELUGA GOLD";700;12;23;30;23000.0;1000.0;32.857142857142854;4.0;0.0;0.0;0.0;0.0;0.0;0;0.0;0.0;0.0;4.0;0.3333333333333333;92000.0
"TEQUILA";"TEQUILA CAMINO BLANC";750;12;25;30;1700.0;68.0;2.2666666666666666;0.0;0.0;1.92;0.0;0.0;0.0;0;0.0;0.0;0.0;1.92;0.16;3264.0
"TEQUILA";"DESMONDJI AGAVE 51 %";750;12;25;30;1359.0;54.36;1.812;14.24;32.61066666666667;16.76;24.32;7.64;6.38;9;39.46;6.064;8.72;165.4573333333333;13.788111111111109;224856.51599999997
"TEQUILA";"SAUZAA TEQUILA";700;12;23;30;2915.0;126.73913043478261;4.164285714285715;0.0;0.0;0.0;0.0;0.0;0.0;0;0.0;0.0;0.0;0.0;0.0;0.0
"TEQUILA";"TEQUILA CCASCO VOESO";750;12;25;30;1050.0;42.0;1.4;0.0;0.0;0.0;0.0;0.0;0.0;0;0.0;0.0;0.0;0.0;0.0;0.0
"TEQUILA";"TEQUILA SAVILLA      ";750;12;25;30;2470.0;98.8;3.2933333333333334;0.0;2.96;6.2;0.0;0.0;0.4;3;0.08;0.0;14.32;27.240000000000002;2.27;67282.8
"TEQUILA";"PESCA DRINK";700;12;23;30;0.0;0.0;0.0;0.0;0.0;0.0;0.0;0.0;0.0;0;0.0;0.0;0.0;0.0;0.0;0.0
"TEQUILA";"DON ALEJANDRO 1000";1000;12;33;30;1640.0;49.696969696969695;1.64;0.0;0.0;0.0;0.0;0.0;0.0;0;0.0;0.0;0.0;0.0;0.0;0.0
"TEQUILA";"SAN LUIS MEXICAN";700;12;23;30;1365.0;59.34782608695652;1.95;0.0;0.0;0.0;0.0;0.0;0.0;0;0.0;0.0;0.0;0.0;0.0;0.0
"TEQUILA";"CORRELEJO BIANCO";750;12;25;30;8947.0;357.88;11.929333333333334;0.0;0.0;0.0;0.0;0.0;0.0;0;0.0;0.0;0.0;0.0;0.0;0.0
"TEQUILA";"CORRELEJO REPOSADO";750;12;25;30;8750.0;350.0;11.666666666666666;0.0;0.0;0.0;0.0;0.0;0.0;0;0.0;0.0;0.0;0.0;0.0;0.0
"TEQUILA";"CORRELEJO ANEJO";750;12;25;30;11847.0;473.88;15.796;0.0;0.0;0.0;0.0;0.0;0.0;0;0.0;0.0;0.0;0.0;0.0;0.0
"TEQUILA";"CORRELEJO TRIPPLE DISTIL";750;12;25;30;11051.0;442.04;14.734666666666667;0.0;0.0;0.0;0.0;0.0;0.0;0;0.0;0.0;0.0;0.0;0.0;0.0
"TEQUILA";"VIVA MAJO";1000;12;33;30;2500.0;75.75757575757575;2.5;0.0;0.0;0.0;0.0;0.0;0.0;0;0.0;0.0;0.0;0.0;0.0;0.0
"TEQUILA";"DON ALEJANDRO";750;12;25;30;1640.0;65.6;2.1866666666666665;0.0;0.0;0.0;0.0;0.0;0.0;3;0.0;0.0;0.0;3.0;0.25;4920.0
"BRANDY";"";0;0;0;0;0.0;0.0;0.0;0.0;0.0;0.0;0.0;0.0;0.0;0;0.0;0.0;0.0;168.70800000000003;14.059000000000003;45397.635720000006
"BRANDY";"HONEY BEE";750;12;25;30;499.55;19.982;0.6660666666666667;0.0;0.0;0.0;0.0;0.0;0.0;0;0.0;0.0;0.0;0.0;0.0;0.0
"BRANDY";"MENSION HOUSE BRANDY";750;12;25;30;860.0;34.4;1.1466666666666667;0.0;0.0;0.0;0.0;0.0;0.0;0;0.0;0.0;0.0;0.0;0.0;0.0
"BRANDY";"DR. BRANDY";750;12;25;30;850.0;34.0;1.1333333333333333;0.0;0.0;0.0;0.0;0.0;0.0;0;0.0;0.0;0.0;0.0;0.0;0.0
"BRANDY";"LINCOLN BRANDY";750;12;25;30;269.09;10.763599999999999;0.35878666666666664;21.166666666666668;22.94;18.164;12.106666666666667;5.910666666666667;17.12;14;12.7;3.7;41.36;168.70800000000003;14.059000000000003;45397.635720000006
"GIN: DOMESTIC";"";0;0;0;0;0.0;0.0;0.0;0.0;0.0;0.0;0.0;0.0;0.0;0;0.0;0.0;0.0;248.51066666666662;20.70922222222222;76615.83853333333
"GIN: DOMESTIC";"BLUE RIBBOND GIN (SM)              ";750;12;25;30;523.88;20.9552;0.6985066666666666;0.0;0.0;0.0;0.0;0.0;0.0;0;0.0;0.0;0.0;0.0;0.0;0.0
"GIN: DOMESTIC";"AMERICAN GIN";750;12;25;30;308.3;12.332;0.4110666666666667;52.92;36.410666666666664;24.92;33.08;15.48;23.5;20;9.7;10.944;21.08;248.51066666666662;20.70922222222222;76615.83853333333
"GIN: IMPORTED";"";0;0;0;0;0.0;0.0;0.0;0.0;0.0;0.0;0.0;0.0;0.0;0;0.0;0.0;0.0;499.9571428571429;41.663095238095245;857235.3637142858
"GIN: IMPORTED";"BEEFEATER GIN (SM)            ";750;12;25;30;1649.76;65.9904;2.19968;48.32;12.8;23.64;12.88;11.64;3.44;28;5.8;6.8;28.92;181.92000000000002;15.160000000000002;300124.33920000005
"GIN: IMPORTED";"BOMBAY SAPPHIRE GIN (SM)      ";750;12;25;30;2051.0;82.04;2.7346666666666666;9.04;3.2;8.76;1.0;0.0;0.28;4;3.16;0.2;4.0;34.0;2.8333333333333335;69734.0
"GIN: IMPORTED";"BOMBAY SAPPHIRE GIN (SM)  1000";1000;12;33;30;2000.0;60.60606060606061;2.0;0.0;0.0;0.0;0.0;0.0;0.0;0;0.0;0.0;0.0;0.0;0.0;0.0
"GIN: IMPORTED";"GORDEN GIN";750;12;25;30;1518.41;60.7364;2.0245466666666667;0.0;0.0;0.0;0.68;0.0;0.0;0;0.0;0.0;0.0;0.68;0.05666666666666667;1032.5188
"GIN: IMPORTED";"HENDRICK          ";700;12;23;30;5273.16;229.26782608695652;7.533085714285714;10.457142857142857;1.9;9.942857142857143;2.9;4.642857142857143;3.9;7;4.1571428571428575;4.428571428571429;11.942857142857143;61.7;5.141666666666667;325353.972
"GIN: IMPORTED";"TENQUERY";700;12;23;30;2005.18;87.18173913043479;2.8645428571428573;0.0;0.0;0.0;0.0;0.0;0.0;0;0.0;0.0;2.0;2.0;0.16666666666666666;4010.36
"GIN: IMPORTED";"JAMES BROOKES GIN";700;12;23;30;714.66;31.07217391304348;1.0209428571428572;5.771428571428571;11.014285714285714;20.62857142857143;40.9;17.514285714285716;16.15714285714286;19;9.157142857142857;58.128571428571426;21.3;219.65714285714287;18.304761904761907;156980.17371428572
"LIQUERS";"ABSINTHE 350 ML";350;12;12;30;1500.0;125.0;4.285714285714286;0.0;0.0;0.0;0.0;0.0;0.0;0;0.0;0.0;0.0;0.0;0.0;0.0
"LIQUERS";"ABSINTHE 50 ML";50;12;2;30;96.0;48.0;1.92;0.0;0.0;0.0;0.0;0.0;0.0;0;0.0;0.0;0.0;0.0;0.0;0.0
"LIQUERS";"ABSINTHE 700 ML";700;12;23;30;3000.0;130.43478260869566;4.285714285714286;9.0;3.557142857142857;7.985714285714286;6.6;6.085714285714285;4.4714285714285715;0;3.557142857142857;1.7714285714285714;4.6;47.62857142857143;3.9690476190476196;142885.7142857143
"LIQUERS";"AMARETTO";750;12;25;30;2275.0;91.0;3.033333333333333;0.0;0.0;0.0;0.0;0.0;0.0;0;0.0;0.0;0.0;0.0;0.0;0.0
"LIQUERS";"BAILEYS IRISH CREAM (SM)  1000";1000;12;33;30;3600.0;109.0909090909091;3.6;1.0;0.0;0.66;0.0;0.0;0.0;1;0.09;0.0;0.0;2.8200000000000003;0.23500000000000001;10152.000000000002
"LIQUERS";"BAILEYS IRISH CREAM (SM)      ";750;12;25;30;2761.9;110.476;3.6825333333333337;2.0;0.0;0.0;0.72;0.68;0.0;1;0.8;0.88;2.08;8.16;0.68;22537.104
"LIQUERS";"BUTTLER CHERRY";750;12;25;30;1050.0;42.0;1.4;0.0;0.0;0.0;0.0;0.0;0.0;0;0.0;0.0;0.0;0.0;0.0;0.0
"LIQUERS";"BUTTLER TRIPLE SEC";750;12;25;30;1050.0;42.0;1.4;0.0;0.0;0.0;0.0;0.0;0.0;0;0.0;0.0;0.0;0.0;0.0;0.0
"LIQUERS";"DRAMBUIE";750;12;25;30;0.0;0.0;0.0;0.0;0.0;0.0;0.0;0.0;0.0;0;0.0;0.0;0.0;0.0;0.0;0.0
"LIQUERS";"FAUCONNIER TRIPLE SEC";750;12;25;30;1726.0;69.04;2.3013333333333335;0.0;0.0;0.0;0.0;0.0;0.0;0;0.0;0.0;0.0;0.0;0.0;0.0
"LIQUERS";"JAGERMEISTER (SM) 750";750;12;25;30;4096.66;163.8664;5.462213333333333;5.84;12.04;21.32;1.04;13.0;14.56;8;13.0;0.0;13.0;101.8;8.483333333333333;417039.98799999995
"LIQUERS";"JAGERMEISTER (SM)             ";700;12;23;30;3650.0;158.69565217391303;5.214285714285714;0.0;0.0;3.9;0.0;0.17142857142857143;0.0;0;2.0;3.1285714285714286;9.3;18.97142857142857;1.5809523809523809;69245.71428571429
"LIQUERS";"JAGERMEISTER (SM)    1000 ML";1000;12;33;30;4458.65;135.11060606060605;4.45865;72.0;18.0;69.6;66.0;48.0;36.0;42;36.0;42.0;54.0;483.6;40.300000000000004;2156203.14
"LIQUERS";"JUNGFRAU";700;12;23;30;2891.0;125.69565217391305;4.13;0.0;0.0;0.0;0.0;0.0;0.0;0;0.0;0.0;0.0;0.0;0.0;0.0
"LIQUERS";"KAHLUA (SM)                   ";750;12;25;30;1701.75;68.07;2.269;8.56;5.64;3.28;4.24;5.44;2.52;9;4.64;0.0;9.72;52.72;4.3933333333333335;89716.26
"LIQUERS";"KAHLUA (SM) .                  ";1000;12;33;30;2100.0;63.63636363636363;2.1;0.0;0.0;0.0;0.0;0.0;0.0;0;0.0;0.0;0.0;0.0;0.0;0.0
"LIQUERS";"MARIE BRIZARD COCONUT";750;12;25;30;1482.33;59.2932;1.97644;0.0;1.0;0.0;0.0;0.0;0.0;0;0.0;0.0;0.0;1.0;0.08333333333333333;1482.33
"LIQUERS";"MARIE BRIZARD TRIPLE SEC";750;12;25;30;1482.33;59.2932;1.97644;0.0;0.0;0.0;0.0;0.0;0.0;0;0.0;0.0;0.0;0.0;0.0;0.0
"LIQUERS";"MARTINI DRY";1000;12;33;30;1845.0;55.90909090909091;1.845;0.39;0.0;0.0;0.3;0.0;0.0;0;0.0;0.0;0.0;0.69;0.057499999999999996;1273.05
"LIQUERS";"MARTINI ROSSO";1000;12;33;30;1600.0;48.484848484848484;1.6;0.0;0.0;0.0;0.0;0.0;0.0;0;0.0;0.0;0.0;0.0;0.0;0.0
"LIQUERS";"PATRON XO CAFE (SM)           ";750;12;25;30;7218.0;288.72;9.624;0.0;0.0;0.52;0.0;0.0;0.08;0;0.84;0.44;0.0;1.88;0.15666666666666665;13569.839999999998
"LIQUERS";"PEACHSCHNAPP";700;12;23;30;1482.0;64.43478260869566;2.117142857142857;0.0;0.0;0.0;0.0;0.0;0.0;0;0.17142857142857143;0.0;1.0;1.1714285714285715;0.09761904761904762;1736.057142857143
"LIQUERS";"PUNTER CAFÃ‰";700;12;23;30;1800.0;78.26086956521739;2.5714285714285716;0.0;0.0;0.0;0.0;0.0;0.0;0;0.0;2.0;0.0;2.0;0.16666666666666666;3600.0
"LIQUERS";"SAMBUCA  ZAPA";750;12;25;30;1050.0;42.0;1.4;0.0;0.0;0.0;0.0;0.0;0.0;0;0.0;0.0;0.0;0.0;0.0;0.0
"LIQUERS";"SAMBUCA (SM)                  ";700;12;23;30;1673.33;72.75347826086956;2.3904714285714284;4.685714285714286;0.0;0.0;0.0;0.0;1.3428571428571427;0;1.0;0.0;0.0;7.0285714285714285;0.5857142857142857;11761.119428571428
"LIQUERS";"TRIPLE SEC";750;12;25;30;1050.0;42.0;1.4;0.0;0.0;0.0;0.0;0.0;0.0;0;0.0;0.0;0.0;0.0;0.0;0.0
"LIQUERS";"PEACHSCHNAPP CITRON 1000";1000;12;33;30;3000.0;90.9090909090909;3.0;0.0;0.0;0.0;0.0;0.0;0.0;0;0.0;0.0;0.0;0.0;0.0;0.0
"LIQUERS";"BUTLER TRIPLE SEC";750;12;25;30;1050.0;42.0;1.4;0.0;0.0;0.0;0.0;0.0;0.0;0;0.0;0.0;0.0;0.0;0.0;0.0
"LIQUERS";"PEACHSCHNAPP CITRON";700;12;23;30;1800.0;78.26086956521739;2.5714285714285716;0.0;0.0;0.0;0.0;0.0;0.0;0;0.0;0.0;0.0;0.0;0.0;0.0
"LIQUERS";"COCONUT LIQUERS";750;12;25;30;1800.0;72.0;2.4;0.16;0.0;0.0;0.0;0.0;0.0;0;0.0;0.0;0.0;0.16;0.013333333333333334;288.0
"LIQUERS";"REMY MARTINI";700;12;23;30;6300.0;273.9130434782609;9.0;0.0;0.0;0.0;0.0;0.0;0.0;0;0.0;0.0;0.0;0.0;0.0;0.0
"LIQUERS";"PEACH DE VIGNS";700;12;23;30;2038.0;88.6086956521739;2.9114285714285715;0.6857142857142857;0.0;0.0;0.0;0.0;0.0;0;0.0;0.0;0.0;0.6857142857142857;0.05714285714285714;1397.4857142857143
"LIQUERS";"CHERRY";750;12;25;30;1050.0;42.0;1.4;0.0;0.0;0.0;2.24;0.0;0.0;0;0.0;0.0;0.0;2.24;0.18666666666666668;2352.0
"LIQUERS";"CARTON PRECH LIQUIOR";700;12;23;30;2038.0;88.6086956521739;2.9114285714285715;0.0;0.0;0.0;0.0;0.0;0.0;0;0.0;0.0;0.0;0.0;0.0;0.0
"LIQUERS";"SHAMROK TRIPLE SEC";1000;12;33;30;1584.0;48.0;1.584;0.0;0.0;0.0;0.0;0.0;0.0;0;0.3;0.0;0.0;0.3;0.024999999999999998;475.2
"LIQUERS";"SAMBUCA MORENA";700;12;23;30;1341.0;58.30434782608695;1.9157142857142857;1.0;7.585714285714285;3.6857142857142855;3.6;3.9;0.0;5;0.6;4.4714285714285715;2.0;31.52857142857143;2.6273809523809524;42279.81428571429
"LIQUERS";"PISCO";700;12;23;30;4250.0;184.7826086956522;6.071428571428571;0.0;0.0;0.9428571428571428;0.0;0.0;0.0;0;0.0;0.0;0.0;0.9428571428571428;0.07857142857142857;4007.142857142857
"LIQUERS";"COINTREAU";750;12;25;30;4000.0;160.0;5.333333333333333;0.0;0.0;0.72;0.0;0.0;0.0;0;0.0;0.0;0.0;0.72;0.06;2880.0
"LIQUERS";"PATRON XO CAFE (SM)  1000";1000;12;33;30;6500.0;196.96969696969697;6.5;0.0;0.0;0.0;0.0;0.0;0.0;0;0.0;0.0;0.0;0.0;0.0;0.0
"LIQUERS";"COINTREAU 7OOML";700;6;23;30;4000.0;173.91304347826087;5.714285714285714;0.0;0.0;0.0;0.6428571428571429;0.0;0.0;0;0.0;0.0;0.0;0.6428571428571429;0.10714285714285715;2571.4285714285716
"LIQUERS";"MIDORI";700;12;23;30;3000.0;130.43478260869566;4.285714285714286;0.0;0.0;0.0;0.6;0.0;0.0;0;0.0;0.0;0.0;0.6;0.049999999999999996;1800.0
"LIQUERS";"GRAND MARNIER";700;12;23;30;4000.0;173.91304347826087;5.714285714285714;0.5571428571428572;0.0;0.0;1.0;0.0;0.0;0;0.0;0.0;0.0;1.5571428571428572;0.12976190476190477;6228.571428571428
"LIQUERS";"CARTRON";700;12;23;30;4000.0;173.91304347826087;5.714285714285714;0.0;0.0;1.0;0.6;0.0;0.0;0;0.0;0.0;0.0;1.6;0.13333333333333333;6400.0
"LIQUERS";"FLEMINGER JAGS";700;12;23;30;0.0;0.0;0.0;0.0;0.0;0.0;0.0;0.0;0.0;0;0.0;0.0;0.0;0.0;0.0;0.0
"LIQUERS";"MARTINI VERMOUTH BIANCO";1000;12;33;30;1740.0;52.72727272727273;1.74;1.0;0.0;0.0;0.0;0.0;0.0;0;0.0;0.0;0.0;1.0;0.08333333333333333;1740.0
"LIQUERS";"ABSINTHE 700 ML( FATA VERDE)";700;12;23;30;4800.0;208.69565217391303;6.857142857142857;0.0;0.0;0.0;0.0;0.0;0.0;1;0.0;0.0;0.0;0.9142857142857143;0.07619047619047618;4388.571428571428
"LIQUERS";"DEMANDIS TRIPLE SEC";700;12;23;30;1257.5;54.67391304347826;1.7964285714285715;5.814285714285714;5.285714285714286;0.0;6.214285714285714;1.832857142857143;13.971428571428572;19;16.0;23.754285714285714;12.771428571428572;104.37285714285714;8.697738095238096;131248.86785714285
"LIQUERS";"EXPRESSO BOHENE";700;12;23;30;0.0;0.0;0.0;0.0;0.0;0.0;0.0;0.0;0.0;0;0.0;0.0;0.0;0.0;0.0;0.0
"LIQUERS";"DESMONDJI ORANGE LIQUEUR";750;12;25;30;1359.0;54.36;1.812;0.0;0.0;2.884;0.0;0.0;0.0;0;0.0;0.0;0.0;2.884;0.24033333333333332;3919.3559999999998
"LIQUERS";"ABSINTHE XENTA";700;12;23;30;5800.0;252.17391304347825;8.285714285714286;0.0;0.0;0.0;0.0;0.0;0.0;3;0.0;0.0;0.0;3.0;0.25;17400.0
"RUM: DOMESTIC";"BACARDI  WHITE 1000 ml  ( 9 pcs )";1000;12;33;30;917.04;27.78909090909091;0.91704;29.37;0.0;0.0;3.28;37.84;0.0;40;11.765;0.0;0.0;122.372;10.197666666666667;112220.01887999999
"RUM: DOMESTIC";"BACARDI APPLE (SM)         ";750;12;25;30;0.0;0.0;0.0;0.0;0.0;0.0;0.0;0.0;0.0;0;0.0;0.0;0.0;0.0;0.0;0.0
"RUM: DOMESTIC";"BACARDI BLACK (SM)            ";750;12;25;30;603.02;24.1208;0.8040266666666667;76.04;41.52;40.04;73.96;23.68;21.76;98;16.44;17.0;33.24;441.36;36.78;266148.9072
"RUM: DOMESTIC";"BACARDI GOLD (SM)             ";750;12;25;30;770.0;30.8;1.0266666666666666;30.68;21.64;35.08;26.4;27.32;33.2;35;12.92;13.52;56.8;292.24;24.353333333333335;225024.80000000002
"RUM: DOMESTIC";"BACARDI LIMON (SM)             ";750;12;25;30;737.93;29.5172;0.9839066666666666;33.72;37.84;36.0;39.6;29.28;21.56;77;36.24;11.44;53.48;376.16;31.346666666666668;277579.7488
"RUM: DOMESTIC";"BACARDI SUPERIOR (SM)         ";750;12;25;30;846.0;33.84;1.128;36.0;78.45066666666666;140.68;24.04;0.0;8.1;0;0.0;21.064;83.72;392.0546666666668;32.671222222222234;331678.2480000001
"RUM: DOMESTIC";"CAPTAIN MORGAN (SM)           ";750;12;25;30;736.3;29.451999999999998;0.9817333333333332;0.0;0.0;0.0;0.0;0.0;0.0;0;0.0;0.0;0.0;0.0;0.0;0.0
"RUM: DOMESTIC";"OLD MONK  1 Ltr.";1000;12;33;30;607.2;18.400000000000002;0.6072000000000001;0.0;0.0;0.42;0.0;0.0;0.0;0;1.0;0.0;0.0;1.42;0.11833333333333333;862.224
"RUM: DOMESTIC";"OLD MONK (SM)                 ";750;12;25;30;478.4;19.136;0.6378666666666666;35.76;51.48;19.2;43.68;0.0;13.36;121;2.16;1.0;63.32;351.36;29.28;168090.624
"RUM: DOMESTIC";"CAPTAIN MORGAN (SM)   BLACK    ";750;12;25;30;431.93;17.2772;0.5759066666666667;0.0;0.0;0.0;0.0;0.0;0.0;0;0.0;0.0;4.12;4.12;0.3433333333333333;1779.5516
"RUM: DOMESTIC";"MOUNT GAY";750;12;25;30;3160.0;126.4;4.213333333333333;0.0;0.0;0.0;0.0;0.0;0.0;0;0.0;0.0;0.0;0.0;0.0;0.0
"RUM: DOMESTIC";"IMPERIAL RED RUM";750;12;25;30;1800.0;72.0;2.4;0.0;0.0;0.0;0.0;0.0;0.0;0;0.0;0.0;0.0;0.0;0.0;0.0
"RUM: DOMESTIC";"MALIBU";750;12;25;30;3000.0;120.0;4.0;0.0;0.0;0.0;0.0;0.0;0.0;0;0.0;0.0;0.44;0.44;0.03666666666666667;1320.0
"RUM: DOMESTIC";"MURANO RUM 750";750;12;25;30;124.8;4.992;0.1664;41.88;24.52;24.0;17.36;27.4;16.04;46;12.28;18.36;33.36;261.44;21.786666666666665;32627.712
"RUM: DOMESTIC";"MURANO RUM 375";375;12;12;30;173.11;14.425833333333335;0.4616266666666667;0.0;0.0;0.0;0.0;0.0;0.0;0;0.0;0.0;0.0;0.0;0.0;0.0
"RUM: DOMESTIC";"RYOMA RUM";700;12;23;30;4500.0;195.65217391304347;6.428571428571429;0.8571428571428571;0.0;0.0;0.7285714285714285;0.0;0.0;0;0.0;0.0;0.0;1.5857142857142856;0.13214285714285715;7135.714285714285
"BEER: DOMESTIC";"BUDWEISER    ";1;24;1;1;80.98;80.98;80.98;803.0;1050.0;449.0;347.0;195.0;500.0;716;30.0;213.0;453.0;4756.0;198.16666666666666;385140.88
"BEER: DOMESTIC";"BUDWEISER MAGNUM BEER         ";1;24;1;1;87.21892500000001;87.21892500000001;87.21892500000001;639.0;351.0;375.0;301.0;123.0;325.0;302;23.0;161.0;237.0;2837.0;118.20833333333333;247440.09022500005
"BEER: DOMESTIC";"CARLSBERG BEER                ";1;24;1;1;65.41;65.41;65.41;281.0;306.0;290.0;527.0;326.0;329.0;335;10.0;58.0;494.0;2956.0;123.16666666666667;193351.96
"BEER: DOMESTIC";"FOSTER BEER                   ";1;24;1;1;45.336666666666666;45.336666666666666;45.336666666666666;0.0;0.0;0.0;0.0;0.0;0.0;0;0.0;0.0;0.0;0.0;0.0;0.0
"BEER: DOMESTIC";"HEINIKEN BEER";1;24;1;1;84.05;84.05;84.05;507.0;515.0;1040.0;573.0;294.0;378.0;338;27.0;60.0;522.0;4254.0;177.25;357548.7
"BEER: DOMESTIC";"KINGFISHER CAN";1;24;1;1;52.69;52.69;52.69;0.0;0.0;0.0;0.0;0.0;0.0;0;0.0;0.0;0.0;0.0;0.0;0.0
"BEER: DOMESTIC";"KINGFISHER REGULAR";1;24;1;1;69.123;69.123;69.123;298.0;1201.0;1500.0;737.0;583.0;840.0;722;22.0;231.0;431.0;6565.0;273.5416666666667;453792.49500000005
"BEER: DOMESTIC";"KINGFISHER ULTRA MAX";1;24;1;1;61.98;61.98;61.98;0.0;0.0;0.0;0.0;0.0;0.0;0;0.0;0.0;0.0;0.0;0.0;0.0
"BEER: DOMESTIC";"KINGFISHER ULTRABEER               ";1;24;1;1;74.75;74.75;74.75;782.0;812.0;957.0;797.0;683.0;754.0;618;7.0;190.0;485.0;6085.0;253.54166666666666;454853.75
"BEER: DOMESTIC";"MILLER ACE BEER               ";1;24;1;1;59.01583333333334;59.01583333333334;59.01583333333334;0.0;0.0;0.0;0.0;0.0;0.0;0;0.0;0.0;0.0;0.0;0.0;0.0
"BEER: DOMESTIC";"MILLER BEER                   ";1;24;1;1;55.889166666666675;55.889166666666675;55.889166666666675;0.0;0.0;0.0;0.0;0.0;0.0;0;0.0;0.0;0.0;0.0;0.0;0.0
"BEER: DOMESTIC";"TUBORG BEER                   ";1;24;1;1;56.07;56.07;56.07;430.0;441.0;292.0;495.0;322.0;305.0;307;36.0;359.0;348.0;3335.0;138.95833333333334;186993.45
"BEER: DOMESTIC";"HENNEYS STILL CIDER BEER";1;24;1;1;530.39;530.39;530.39;0.0;0.0;0.0;0.0;0.0;0.0;0;0.0;0.0;0.0;0.0;0.0;0.0
"BEER: DOMESTIC";"KINGFISHER DRAFT BEER";1;24;1;1;0.0;0.0;0.0;0.0;0.0;0.0;0.0;0.0;0.0;0;0.0;0.0;0.0;0.0;0.0;0.0
"BEER: DOMESTIC";"BIRA WHITE BEER";1;24;1;1;115.08;115.08;115.08;0.0;0.0;0.0;0.0;0.0;0.0;0;0.0;0.0;0.0;0.0;0.0;0.0
"BEER: DOMESTIC";"BIRA BLOND BEERR";1;24;1;1;92.06;92.06;92.06;0.0;0.0;0.0;0.0;0.0;0.0;0;0.0;0.0;0.0;0.0;0.0;0.0
"BEER: DOMESTIC";"DESPERADOS TEQUILA BEER       ";1;24;1;1;290.0;290.0;290.0;0.0;0.0;0.0;0.0;0.0;0.0;0;0.0;0.0;0.0;0.0;0.0;0.0
"BEER: DOMESTIC";"DOS EQUIS XX BEER             ";1;24;1;1;290.0;290.0;290.0;0.0;0.0;0.0;0.0;0.0;0.0;0;1.0;0.0;0.0;1.0;0.041666666666666664;290.0
"BEER: DOMESTIC";"BIRA LITE BEER";1;24;1;1;125.0;125.0;125.0;0.0;0.0;0.0;0.0;0.0;0.0;0;0.0;0.0;0.0;0.0;0.0;0.0
"BEER: DOMESTIC";"BECKS ICE";1;24;1;1;67.52;67.52;67.52;0.0;1.0;0.0;1.0;0.0;0.0;0;0.0;1.0;0.0;3.0;0.125;202.56
"BEER: DOMESTIC";"SIMONA BEER";1;24;1;1;0.0;0.0;0.0;0.0;0.0;0.0;0.0;0.0;0.0;0;0.0;0.0;0.0;0.0;0.0;0.0
"BEER: DOMESTIC";"HOPPER BEER";1;24;1;1;67.51;67.51;67.51;93.0;213.0;99.0;5.0;219.0;64.0;218;21.0;108.0;30.0;1070.0;44.583333333333336;72235.70000000001
"BEER: DOMESTIC";"HOPPER BEER BLONDE";1;24;1;1;145.5;145.5;145.5;44.0;49.0;61.0;74.0;0.0;32.0;0;0.0;0.0;35.0;295.0;12.291666666666666;42922.5
"BEER: IMPORTED";"ASAHI";1;24;1;1;195.0;195.0;195.0;0.0;0.0;0.0;0.0;0.0;0.0;0;0.0;0.0;0.0;0.0;0.0;0.0
"BEER: IMPORTED";"BRODDY BOUPBON";1;24;1;1;140.6;140.6;140.6;0.0;0.0;0.0;0.0;0.0;0.0;0;0.0;0.0;0.0;0.0;0.0;0.0
"BEER: IMPORTED";"CORONA BEER                   ";1;24;1;1;262.0;262.0;262.0;230.0;255.0;487.0;555.0;226.0;321.0;334;358.0;35.0;417.0;3218.0;134.08333333333334;843116.0
"BEER: IMPORTED";"CORONA SUNSET";1;24;1;1;320.0;320.0;320.0;0.0;0.0;0.0;0.0;0.0;0.0;0;0.0;0.0;0.0;0.0;0.0;0.0
"BEER: IMPORTED";"GUINNESS DRAUGHT BEER         ";1;24;1;1;280.0;280.0;280.0;0.0;0.0;0.0;0.0;0.0;0.0;0;0.0;0.0;0.0;0.0;0.0;0.0
"BEER: IMPORTED";"HOEGAARDEN BEER               ";1;24;1;1;262.0;262.0;262.0;422.0;250.0;416.0;565.0;263.0;268.0;299;410.0;12.0;501.0;3406.0;141.91666666666666;892372.0
"BEER: IMPORTED";"HONEY APPLE CYDER";1;24;1;1;530.59;530.59;530.59;0.0;0.0;0.0;0.0;0.0;0.0;0;0.0;0.0;0.0;0.0;0.0;0.0
"BEER: IMPORTED";"HONEY STILL CYDER";1;24;1;1;530.59;530.59;530.59;0.0;0.0;0.0;0.0;0.0;0.0;0;0.0;0.0;0.0;0.0;0.0;0.0
"BEER: IMPORTED";"INDIA PALE ALE";1;24;1;1;316.81;316.81;316.81;0.0;0.0;0.0;0.0;0.0;0.0;0;0.0;0.0;0.0;0.0;0.0;0.0
"BEER: IMPORTED";"KARLTENBERG";1;24;1;1;0.0;0.0;0.0;0.0;0.0;0.0;0.0;0.0;0.0;0;0.0;0.0;0.0;0.0;0.0;0.0
"BEER: IMPORTED";"LEFFE BEER                    ";1;24;1;1;319.15;319.15;319.15;0.0;0.0;0.0;0.0;0.0;0.0;0;0.0;0.0;0.0;0.0;0.0;0.0
"BEER: IMPORTED";"PERONI BEER                   ";1;24;1;1;115.85233630952382;115.85233630952382;115.85233630952382;0.0;0.0;0.0;0.0;0.0;0.0;0;0.0;0.0;0.0;0.0;0.0;0.0
"BEER: IMPORTED";"SHEPHERD DOUBLE STOUT         ";1;24;1;1;306.25;306.25;306.25;0.0;0.0;0.0;0.0;0.0;0.0;0;0.0;0.0;0.0;0.0;0.0;0.0
"BEER: IMPORTED";"STELLA ARTIOS BEER (330 ML)";1;24;1;1;262.0;262.0;262.0;126.0;54.0;213.0;115.0;1.0;122.0;197;29.0;0.0;136.0;993.0;41.375;260166.0
"BEER: IMPORTED";"WEIZEN BEER";1;24;1;1;267.92;267.92;267.92;0.0;0.0;0.0;0.0;0.0;0.0;0;0.0;0.0;0.0;0.0;0.0;0.0
"BEER: IMPORTED";"KRONEBERG BLAC BEER";1;24;1;1;231.36;231.36;231.36;0.0;0.0;0.0;0.0;0.0;0.0;0;0.0;0.0;0.0;0.0;0.0;0.0
"BEER: IMPORTED";"SINGHA BEER                   ";1;24;1;1;233.91;233.91;233.91;32.0;48.0;22.0;0.0;38.0;0.0;28;45.0;0.0;45.0;258.0;10.75;60348.78
"BEER: IMPORTED";"TSINGTAO BEER                 ";1;24;1;1;162.82;162.82;162.82;0.0;0.0;0.0;0.0;0.0;0.0;0;0.0;0.0;0.0;0.0;0.0;0.0
"BEER: IMPORTED";"STELLA ARTIOS BEER DRAFT (30Ltr)";30000;1;30000;30000;18000.0;0.6;0.6;0.06666666666666667;0.5;2.5;3.5;0.0;0.0;0;0.0;0.0;0.0;6.566666666666666;6.566666666666666;118200.0
"BEER: IMPORTED";"HOGARDEN BEER DRAFT (30Ltr)";30000;1;30000;30000;18000.0;0.6;0.6;0.06666666666666667;1.0;1.5;0.0;0.0;0.0;0;0.0;0.0;0.0;2.5666666666666664;2.5666666666666664;46199.99999999999
"BEER: IMPORTED";"BIRA 91 BLONDE BEER DRAFT (30LTR)";30000;1;30000;30000;6075.0;0.2025;0.2025;1.0;1.0;1.5;0.7666666666666667;0.0;1.076;1;0.0;0.0;0.0;6.342666666666666;6.342666666666666;38531.7
"BEER: IMPORTED";"BIRA 91 WHITE BEER DRAFT (30LTR)";30000;1;30000;30000;6075.0;0.2025;0.2025;0.3333333333333333;0.5;0.0;0.5;0.0;0.0;6;0.0;0.0;2.4983333333333335;9.831666666666667;9.831666666666667;59727.375
"BEER: IMPORTED";"BIRA 91 BLONDE BEER DRAFT (20LTR)";20000;1;20000;20000;3900.0;0.195;0.195;0.0;0.0;0.0;0.0;0.0;0.0;0;0.0;0.0;0.0;0.0;0.0;0.0
"BEER: IMPORTED";"BIRA 91 WHITE BEER DRAFT (20LTR)";20000;1;20000;20000;4260.0;0.213;0.213;0.0;0.0;1.5;0.0;0.0;0.0;0;0.0;0.0;0.0;1.5;1.5;6390.0
"BEER: IMPORTED";"BIRA 91 LIGHT BEER DRAFT (20LTR)";20000;1;20000;20000;4260.0;0.213;0.213;1.0;2.0;1.0;2.25;0.0;1.34;3;0.0;0.0;0.0;10.59;10.59;45113.4
"BREEZER";"BREEZER BLACK BERRY";1;24;1;1;112.36375;112.36375;112.36375;120.0;120.0;96.0;96.0;96.0;72.0;72;72.0;0.0;72.0;816.0;34.0;91688.81999999999
"BREEZER";"BREEZER BLUE BERRY";1;24;1;1;112.36375;112.36375;112.36375;0.0;0.0;0.0;0.0;0.0;0.0;0;0.0;0.0;0.0;0.0;0.0;0.0
"BREEZER";"BREEZER CANBERRY";1;24;1;1;112.36375;112.36375;112.36375;96.0;96.0;168.0;72.0;96.0;72.0;144;24.0;0.0;120.0;888.0;37.0;99779.01
"BREEZER";"BREEZER GREEN APPLE";1;24;1;1;112.36375;112.36375;112.36375;0.0;0.0;0.0;0.0;0.0;0.0;0;0.0;0.0;0.0;0.0;0.0;0.0
"BREEZER";"BREEZER JAMAICAN PASSION";1;24;1;1;112.36375;112.36375;112.36375;120.0;48.0;216.0;96.0;120.0;72.0;72;0.0;0.0;144.0;888.0;37.0;99779.01
"BREEZER";"BREEZER ORANGE";1;24;1;1;112.36375;112.36375;112.36375;0.0;0.0;0.0;0.0;0.0;0.0;0;0.0;0.0;0.0;0.0;0.0;0.0
"BREEZER";"KINGFISHER BUZZ LYTCEE";1;24;1;1;61.47;61.47;61.47;0.0;0.0;0.0;0.0;0.0;0.0;0;0.0;0.0;0.0;0.0;0.0;0.0
"BREEZER";"KINGFISHER BUZZ RASBERRY";1;24;1;1;61.47;61.47;61.47;0.0;0.0;0.0;0.0;0.0;0.0;0;0.0;0.0;0.0;0.0;0.0;0.0
"BREEZER";"BREEZER LEMON";1;24;1;1;112.36375;112.36375;112.36375;0.0;0.0;0.0;0.0;0.0;0.0;0;0.0;0.0;0.0;0.0;0.0;0.0
"BREEZER";"BREEZER all mix";1;24;1;1;112.36375;112.36375;112.36375;83.0;138.0;98.0;87.0;27.0;36.0;99;37.0;0.0;64.0;669.0;27.875;75171.34874999999
"WINE: DOMESTIC";"CHANDAN BRUT";750;12;5;150;597.98;119.596;0.7973066666666667;13.0;7.0;13.0;13.4;10.0;4.0;7;9.0;0.0;8.0;84.4;7.033333333333334;50469.512
"WINE: DOMESTIC";"CHANDAN BRUT ROSE";750;12;5;150;1500.0;300.0;2.0;5.0;2.0;8.0;7.0;6.0;2.0;5;0.0;0.0;5.0;40.0;3.3333333333333335;60000.0
"WINE: DOMESTIC";"CHAROSA RED";750;12;5;150;161.38;32.275999999999996;0.21517333333333333;0.0;0.0;0.0;0.0;0.0;0.0;0;0.0;0.0;0.0;0.0;0.0;0.0
"WINE: DOMESTIC";"CHAROSA SAUVIGNON";750;12;5;150;350.0;70.0;0.4666666666666667;0.0;0.0;0.0;0.0;0.0;0.0;0;0.0;0.0;0.0;0.0;0.0;0.0
"WINE: DOMESTIC";"CHAROSA SELECTION SHIRAZ";750;12;5;150;161.38;32.275999999999996;0.21517333333333333;0.0;0.0;0.0;0.0;0.0;0.0;0;0.0;0.0;0.0;0.0;0.0;0.0
"WINE: DOMESTIC";"CHAROSA VINEYUR";750;12;5;150;350.0;70.0;0.4666666666666667;0.0;0.0;0.0;0.0;0.0;0.0;0;0.0;0.0;0.0;0.0;0.0;0.0
"WINE: DOMESTIC";"CHAROSA WHITE";750;12;5;150;161.38;32.275999999999996;0.21517333333333333;0.0;0.0;0.0;0.0;0.0;0.0;0;0.0;0.0;0.0;0.0;0.0;0.0
"WINE: DOMESTIC";"HAKUSHIKA WINE  ";720;12;5;150;2000.0;400.0;2.7777777777777777;0.0;0.0;0.0;0.0;0.0;0.0;0;0.0;0.0;0.0;0.0;0.0;0.0
"WINE: DOMESTIC";"FRATELLI RED";750;12;5;150;272.32;54.464;0.3630933333333333;253.76;0.0;280.964;226.84;203.1;133.37333333333333;223;136.66666666666666;18.88;63.8;1540.024;128.33533333333332;419379.33567999996
"WINE: DOMESTIC";"FRATELLI ROSE";750;12;5;150;227.685;45.537;0.30358;54.4;60.2;74.4;58.2;58.4;72.0;57;45.6;0.2;41.2;522.0;43.5;118851.57
"WINE: DOMESTIC";"FRATELLI WHITE";750;12;5;150;247.77999999999997;49.556;0.3303733333333333;209.28;0.0;672.6186666666666;104.8;33.0;127.4;187;207.46666666666667;56.44;307.46666666666664;1905.952;158.82933333333332;472256.7865599999
"WINE: DOMESTIC";"SANGRIA WHITE";330;12;2;150;550.0;275.0;1.6666666666666667;0.0;0.0;0.0;0.0;0.0;0.0;0;0.0;0.0;0.0;0.0;0.0;0.0
"WINE: DOMESTIC";"SULA BRUT";750;12;5;150;550.0;110.0;0.7333333333333333;0.0;0.0;0.0;0.0;0.0;0.0;0;0.0;0.0;2.0;2.0;0.16666666666666666;1100.0
"WINE: DOMESTIC";"SULA BRUT TROPICAL";750;12;5;150;352.62;70.524;0.47016;0.0;0.0;0.0;0.0;0.0;0.0;0;0.0;0.0;0.0;0.0;0.0;0.0
"WINE: DOMESTIC";"SULA ROSE";750;12;5;150;352.62;70.524;0.47016;0.0;0.0;0.0;0.0;0.0;0.0;0;0.0;0.0;0.0;0.0;0.0;0.0
"WINE: DOMESTIC";"SULA SHIRAZ";750;12;5;150;334.5;66.9;0.446;0.0;0.0;0.0;0.0;0.0;10.0;0;0.0;0.0;0.0;10.0;0.8333333333333334;3345.0
"WINE: DOMESTIC";"FRATELLI SPARKLING BRUT";750;12;5;150;816.96;163.392;1.08928;0.0;0.0;1.0;0.4;0.0;0.0;0;0.0;0.0;0.0;1.4;0.11666666666666665;1143.744
"WINE: DOMESTIC";"FRATELLI ROSE BRUT";750;12;5;150;871.43;174.286;1.1619066666666666;0.0;0.0;0.0;0.0;0.0;0.0;0;0.0;1.0;0.0;1.0;0.08333333333333333;871.43
"WINE: DOMESTIC";"A.G. FOURTY SEVEN";750;12;5;150;1050.0;210.0;1.4;0.0;0.0;0.0;0.6;0.0;0.0;0;0.0;0.0;0.0;0.6;0.049999999999999996;630.0
"WINE: DOMESTIC";"BASSO RED";750;12;5;150;850.0;170.0;1.1333333333333333;0.0;0.0;0.0;0.0;0.0;0.0;0;0.0;0.0;0.0;0.0;0.0;0.0
"WINE: DOMESTIC";"PEDRERA RED";750;12;5;150;1800.0;360.0;2.4;0.0;0.0;0.0;0.0;0.0;0.0;0;0.0;0.0;0.0;0.0;0.0;0.0
"WINE: DOMESTIC";"PEDRERA WHITE";750;12;5;150;1485.0;297.0;1.98;1.0;0.0;0.0;3.6;0.0;0.0;0;0.0;0.0;0.0;4.6;0.3833333333333333;6830.999999999999
"WINE: DOMESTIC";"PEDRERA ROSE";750;12;5;150;1750.0;350.0;2.3333333333333335;0.0;0.0;0.0;0.0;0.0;0.0;0;0.0;0.0;0.0;0.0;0.0;0.0
"WINE: DOMESTIC";"HARDY'S RED";750;12;5;150;1500.0;300.0;2.0;8.6;14.6;15.8;7.0;8.2;11.0;4;5.8;0.0;0.2;75.2;6.266666666666667;112800.0
"WINE: DOMESTIC";"HARDY'S WHITE";750;12;5;150;1390.0;278.0;1.8533333333333333;0.0;0.0;0.0;0.0;0.0;0.0;0;0.0;0.0;0.0;0.0;0.0;0.0
"WINE: DOMESTIC";"SULA WHITE";750;12;5;150;850.0;170.0;1.1333333333333333;0.0;0.0;0.0;0.0;0.0;0.0;0;0.0;0.0;0.0;0.0;0.0;0.0
"WINE: DOMESTIC";"REISHA RED";750;12;5;150;1050.0;210.0;1.4;0.0;0.0;0.0;0.0;0.0;0.0;0;0.0;0.0;0.0;0.0;0.0;0.0
"WINE: DOMESTIC";"REISHA WHITE";750;12;5;150;0.0;0.0;0.0;0.0;0.0;0.0;0.0;0.0;0.0;0;0.0;0.0;0.0;0.0;0.0;0.0
"WINE: DOMESTIC";"MYRA WHITE";750;12;5;150;1200.0;240.0;1.6;0.0;0.0;1.0;0.4;0.0;0.0;0;0.0;0.0;0.0;1.4;0.11666666666666665;1680.0
"WINE: DOMESTIC";"BANDROCK STATION CHARDONNY";750;12;5;150;1380.0;276.0;1.84;0.0;0.0;0.0;0.0;0.0;0.0;0;0.0;0.0;0.0;0.0;0.0;0.0
"WINE: DOMESTIC";"SENSI COLEZIONE TOSCANNO (WHITE)";750;12;5;150;1949.0;389.8;2.5986666666666665;0.0;0.0;0.0;0.0;0.0;0.0;0;0.0;0.0;0.0;0.0;0.0;0.0
"WINE: DOMESTIC";"LANCERS ROSE";750;12;5;150;1750.0;350.0;2.3333333333333335;0.0;0.0;0.0;0.0;0.0;0.0;0;0.0;0.0;0.0;0.0;0.0;0.0
"WINE: DOMESTIC";"FRATELLI CLASSIC SHIRAZ";750;12;5;150;183.13;36.626;0.24417333333333333;0.0;184.96;0.0;0.0;0.0;0.0;0;0.0;0.0;0.0;184.96;15.413333333333334;33871.7248
"WINE: DOMESTIC";"PEDRERA MONASTRELL";750;12;5;150;1485.0;297.0;1.98;0.0;0.0;0.0;0.0;0.0;0.0;0;0.0;0.0;0.0;0.0;0.0;0.0
"WINE: DOMESTIC";"HARDYS CAB MERLOT";750;12;5;150;1500.0;300.0;2.0;0.0;0.0;0.0;0.6;0.0;0.0;14;0.0;0.0;0.0;14.6;1.2166666666666666;21900.0
"WINE: DOMESTIC";"FAUSTINA MARTINEZ RIOJA ";750;12;5;150;2099.0;419.8;2.7986666666666666;0.0;0.0;0.0;0.0;0.0;0.0;0;0.0;0.0;0.0;0.0;0.0;0.0
"WINE: DOMESTIC";"SENSI COLEZIONE CHIANTI";750;12;5;150;1949.0;389.8;2.5986666666666665;0.0;0.0;0.0;0.0;0.0;0.0;0;0.0;0.0;0.0;0.0;0.0;0.0
"WINE: DOMESTIC";"REISHA GRAN RESERVA";750;12;5;150;1350.0;270.0;1.8;0.0;0.0;0.0;0.0;0.0;0.0;0;0.0;0.0;0.0;0.0;0.0;0.0
"WINE: DOMESTIC";"ANTARA";750;12;5;150;775.0;155.0;1.0333333333333334;0.0;0.0;0.0;0.0;0.0;0.0;0;0.0;0.0;0.0;0.0;0.0;0.0
"WINE: DOMESTIC";"BRIO";750;12;5;150;950.0;190.0;1.2666666666666666;0.0;0.0;0.0;0.0;0.0;0.0;0;0.0;0.0;0.0;0.0;0.0;0.0
"WINE: DOMESTIC";"BASSO";750;12;5;150;950.0;190.0;1.2666666666666666;0.0;0.0;0.0;0.0;0.0;0.0;0;0.0;0.0;0.0;0.0;0.0;0.0
"WINE: DOMESTIC";"PEDRELLO BLANCO";750;12;5;150;1485.0;297.0;1.98;0.0;0.0;0.0;0.0;0.0;0.0;0;0.0;0.0;0.0;0.0;0.0;0.0
"WINE: DOMESTIC";"BOUNCHARD CHABBLIS";750;12;5;150;4000.0;800.0;5.333333333333333;0.0;0.0;0.0;0.0;0.0;0.0;0;0.0;0.0;0.0;0.0;0.0;0.0
"WINE: DOMESTIC";"CON & SOUR CHARDONAY";750;12;5;150;1570.0;314.0;2.0933333333333333;0.0;0.0;0.0;0.0;0.0;0.0;0;0.0;0.0;0.0;0.0;0.0;0.0
"WINE: DOMESTIC";"FRATELLI CHENIN CLASSIC";750;12;5;150;183.13;36.626;0.24417333333333333;0.0;143.08;0.0;0.0;0.0;0.0;0;0.0;0.0;0.0;143.08;11.923333333333334;26202.240400000002
"WINE: DOMESTIC";"FRATELLI CHARDONE";750;12;5;150;795.0;159.0;1.06;0.0;0.0;0.0;0.0;0.0;0.0;0;0.0;0.0;0.0;0.0;0.0;0.0
"WINE: DOMESTIC";"SENSI COLEZIONE VERMINTO TOSCANNO";750;12;5;150;1949.0;389.8;2.5986666666666665;0.0;0.0;0.0;0.0;0.0;0.0;0;0.0;0.0;0.0;0.0;0.0;0.0
"WINE: DOMESTIC";"KUMALA SAU BLANCO";750;12;5;150;1370.0;274.0;1.8266666666666667;0.0;0.0;0.0;0.0;0.0;0.0;0;0.0;0.0;0.0;0.0;0.0;0.0
"WINE: DOMESTIC";"AG 47 CHARDONE";750;12;5;150;1485.0;297.0;1.98;0.0;0.0;0.0;0.0;0.0;0.0;0;0.0;0.0;0.0;0.0;0.0;0.0
"WINE: DOMESTIC";"JC CHARDONAY";750;12;5;150;1250.0;250.0;1.6666666666666667;0.0;0.0;0.0;0.0;0.0;0.0;0;0.0;0.0;0.0;0.0;0.0;0.0
"WINE: DOMESTIC";"HARDYS CHARDONNAY";750;12;5;150;1390.0;278.0;1.8533333333333333;0.0;0.0;0.0;0.0;0.0;0.0;0;0.0;0.0;0.0;0.0;0.0;0.0
"WINE: DOMESTIC";"MUDHOUSE BLANC";750;12;5;150;2600.0;520.0;3.466666666666667;0.0;0.0;0.0;0.0;0.0;0.0;0;0.0;0.0;0.0;0.0;0.0;0.0
"WINE: DOMESTIC";"SULA RESLING";750;12;5;150;850.0;170.0;1.1333333333333333;0.0;0.0;0.0;0.0;0.0;0.0;0;0.0;0.0;0.0;0.0;0.0;0.0
"WINE: DOMESTIC";"MYRA SAUVIGNON BLANC";750;12;5;150;680.0;136.0;0.9066666666666666;0.0;0.0;0.0;0.0;0.0;0.0;0;0.0;0.0;0.0;0.0;0.0;0.0
"WINE: DOMESTIC";"PEDRELLA ROSE";750;12;5;150;1485.0;297.0;1.98;0.0;0.0;0.0;0.0;0.0;0.0;0;0.0;0.0;0.0;0.0;0.0;0.0
"WINE: DOMESTIC";"CHANDON ROSE";750;12;5;150;1500.0;300.0;2.0;0.0;0.0;0.0;0.0;0.0;0.0;0;0.0;0.0;1.0;1.0;0.08333333333333333;1500.0
"WINE: DOMESTIC";"FRATELLI SANGIOVESE";750;12;5;150;950.0;190.0;1.2666666666666666;0.0;0.0;2.0;0.0;0.0;0.0;0;0.0;0.0;0.0;2.0;0.16666666666666666;1900.0
"WINE: DOMESTIC";"LOMBARD";750;12;5;150;2000.0;400.0;2.6666666666666665;0.0;0.0;0.0;0.0;0.0;0.0;0;0.0;0.0;0.0;0.0;0.0;0.0
"WINE: DOMESTIC";"SULA DINDORI WHITE";750;12;5;150;850.0;170.0;1.1333333333333333;0.0;0.0;0.0;0.0;0.0;0.0;0;0.0;0.0;0.0;0.0;0.0;0.0
"WINE: DOMESTIC";"CHANDAN BRUT DELICE";750;12;5;150;1473.25;294.65;1.9643333333333333;6.0;6.0;5.0;5.0;6.0;2.0;5;4.0;0.0;5.0;44.0;3.6666666666666665;64823.0
"WINE: DOMESTIC";"CHANDAN ROSE";750;12;5;150;1473.25;294.65;1.9643333333333333;0.0;0.0;0.0;0.0;0.0;0.0;0;4.0;0.0;0.0;4.0;0.3333333333333333;5893.0
"WINE: IMPORTED";"CAMAS MARLOT";750;12;5;150;600.0;120.0;0.8;0.0;0.0;0.0;0.0;0.0;0.0;0;0.0;0.0;0.0;0.0;0.0;0.0
"WINE: IMPORTED";"CASABLANCA";750;12;5;150;1727.7691666666667;345.55383333333333;2.3036922222222223;0.0;0.0;0.0;0.0;0.0;0.0;0;0.0;0.0;0.0;0.0;0.0;0.0
"WINE: IMPORTED";"DOM PERIGNON";750;12;5;150;19424.816666666666;3884.963333333333;25.899755555555554;1.8;1.0;1.0;1.0;0.0;0.0;0;0.0;0.0;0.0;4.8;0.39999999999999997;93239.12
"WINE: IMPORTED";"FARRAEI BRUT";750;12;5;150;2100.0;420.0;2.8;0.0;0.0;0.0;0.0;0.0;0.0;0;0.0;0.0;0.0;0.0;0.0;0.0
"WINE: IMPORTED";"FARRARI ROSE";750;12;5;150;2500.0;500.0;3.3333333333333335;0.0;0.0;0.0;0.0;0.0;0.0;0;0.0;0.0;0.0;0.0;0.0;0.0
"WINE: IMPORTED";"GOLDEN SPARROW RED";750;12;5;150;985.0;197.0;1.3133333333333332;0.0;0.0;0.0;0.8;0.0;0.0;0;0.0;0.0;0.0;0.8;0.06666666666666667;788.0
"WINE: IMPORTED";"GOLDEN SPARROW WHITE";750;12;5;150;985.0;197.0;1.3133333333333332;0.0;0.0;0.0;0.0;0.0;0.0;0;0.0;0.0;0.0;0.0;0.0;0.0
"WINE: IMPORTED";"JACOB MERLOT";750;12;5;150;1140.0;228.0;1.52;0.0;0.0;0.0;0.0;0.0;0.0;12;0.0;0.0;0.0;12.0;1.0;13680.0
"WINE: IMPORTED";"JACOB RED WINE";750;12;5;150;875.89;175.178;1.1678533333333334;31.6;25.4;28.0;25.0;12.8;9.0;52;19.8;1.2;21.4;226.00000000000003;18.833333333333336;197951.14
"WINE: IMPORTED";"JACOB ROSE WINE";750;12;5;150;875.89;175.178;1.1678533333333334;0.0;0.0;0.0;0.0;0.0;0.0;0;0.0;0.0;0.0;0.0;0.0;0.0
"WINE: IMPORTED";"JACOB WHITE WINE";750;12;5;150;875.89;175.178;1.1678533333333334;26.6;34.0;30.6;24.0;24.8;21.0;41;15.0;17.6;22.2;257.2;21.433333333333334;225278.908
"WINE: IMPORTED";"MOET AND CHANDAN";750;12;5;150;5550.0;1110.0;7.4;9.0;5.0;10.0;13.4;2.0;3.0;2;1.0;2.0;0.0;47.4;3.9499999999999997;263070.0
"WINE: IMPORTED";"RAYAA WHITE";750;12;5;150;350.0;70.0;0.4666666666666667;0.0;0.0;0.0;1.0;0.0;0.0;0;0.0;0.0;0.0;1.0;0.08333333333333333;350.0
"WINE: IMPORTED";"RAYAA RED";750;12;5;150;700.0;140.0;0.9333333333333333;0.0;0.0;0.0;0.0;0.0;0.0;0;0.0;0.0;0.0;0.0;0.0;0.0
"WINE: IMPORTED";"SANTE WHITE WINE";750;12;5;150;207.0;41.4;0.276;0.0;0.0;0.0;0.0;0.0;0.0;0;0.0;0.0;0.0;0.0;0.0;0.0
"WINE: IMPORTED";"SENORITA RED";750;12;5;150;550.0;110.0;0.7333333333333333;11.0;0.0;0.0;0.0;0.0;0.0;0;0.0;0.0;0.0;11.0;0.9166666666666666;6050.0
"WINE: IMPORTED";"SENORITA WHITE";750;12;5;150;550.0;110.0;0.7333333333333333;0.0;0.0;0.0;0.0;0.0;0.0;0;0.0;0.0;0.0;0.0;0.0;0.0
"WINE: IMPORTED";"SHAKE WINE";720;12;5;150;2000.0;400.0;2.7777777777777777;0.0;0.0;0.0;11.0;0.0;0.0;0;0.0;0.0;0.0;11.0;0.9166666666666666;22000.0
"WINE: IMPORTED";"YELLOW ROSE";750;12;5;150;1438.7;287.74;1.9182666666666668;13.2;11.2;16.6;3.6;3.4;4.0;29;11.4;10.2;14.0;117.00000000000001;9.750000000000002;168327.90000000002
"WINE: IMPORTED";"YELLOW TAIL RED";750;12;5;150;1438.7;287.74;1.9182666666666668;19.8;20.4;21.6;40.4;9.2;6.8;50;15.2;18.8;18.2;220.0;18.333333333333332;316514.0
"WINE: IMPORTED";"YELLOW TAIL WHITE";750;12;5;150;1438.7;287.74;1.9182666666666668;24.0;22.6;18.6;24.6;15.2;13.0;52;14.2;17.6;44.6;246.6;20.55;354783.42
"WINE: IMPORTED";"SAKE WINE JAPANESE";720;12;5;150;2000.0;400.0;2.7777777777777777;6.0;0.0;6.083333333333333;0.0;0.0;0.0;0;0.0;0.0;0.0;12.083333333333332;1.0069444444444444;24166.666666666664
"WINE: IMPORTED";"PINOT GRIGO";720;12;5;150;2000.0;400.0;2.7777777777777777;0.0;0.0;0.0;0.0;0.0;0.0;0;0.0;0.0;0.0;0.0;0.0;0.0
"WINE: IMPORTED";"CAMPO VIEJO RIOJA (RED)";750;12;5;150;1824.0;364.8;2.432;0.0;0.0;0.0;0.0;0.0;0.0;1;0.0;0.0;0.0;0.6;0.049999999999999996;1094.3999999999999
"WINE: IMPORTED";"CAMPO VIEJO RIOJA (WHITE)";750;12;5;150;1824.0;364.8;2.432;1.6;0.4;0.0;0.4;0.0;3.8;0;0.6;1.0;0.0;7.799999999999999;0.6499999999999999;14227.199999999999
"WINE: IMPORTED";"YELLOW TAIL MERLOT";750;12;5;150;1215.0;243.0;1.62;0.0;0.0;0.0;0.0;0.0;0.0;0;0.0;0.0;0.0;0.0;0.0;0.0
"WINE: IMPORTED";"RUFFINO SPARKLING";750;12;5;150;2200.0;440.0;2.933333333333333;0.0;0.0;0.0;0.0;0.0;0.0;0;0.0;0.0;0.0;0.0;0.0;0.0
"WINE: IMPORTED";"INSPIRA RESERVA CARMENERE";750;12;5;150;1457.17;291.434;1.9428933333333334;6.0;6.0;3.0;4.0;6.0;6.0;6;0.0;6.0;4.0;47.0;3.9166666666666665;68486.99
"WINE: IMPORTED";"INSPIRA SAUVIGNON BLANC";750;12;5;150;1457.17;291.434;1.9428933333333334;6.0;6.0;4.0;6.0;5.0;6.0;5;0.0;6.0;6.0;50.0;4.166666666666667;72858.5
